[
  {
    "nombre": "Daniel de Almeida",
    "sector": "RRHH"
  },
  {
    "nombre": "Dario Riva",
    "sector": "QA"
  },
  {
    
    "nombre": "Diego Pellegrini",
    "sector":"Comercial"
  }  ,
  {

    "nombre": "Federico Musso",
    "sector": "RRHH"
  } ,
  {

    "nombre": "Laura Rodriguez",
    "sector": "QA"
  } ,
  {

    "nombre": "Lautaro Ariel Basanta",
    "sector": "Comercial"
  } ,
  {

    "nombre": "Manuel Castello",
    "sector": "RRHH"
  } ,
  {

    "nombre": "Paula Barrios",
    "sector": "QA"
  } ,
  {

    "nombre": "Rocio Diaz",
    "sector": "Comercial"
  } ,
  {

    "nombre": "Sebastian Parasis",
    "sector": "RRHH"
  } ,
  {

    "nombre": "Walter Marcote",
    "sector": "QA"
  } ,
  {

    "nombre": "Guillermo Balcarcel",
    "sector": "Comercial"
  } ,
  {

    "nombre": "Esteban Gawron",
    "sector": "RRHH"
  } ,
  {

    "nombre": "Enzo Peddini",
    "sector": "QA"
  } ,
  {

    "nombre": "Andrea Russo",
    "sector": "Comercial"
  } ,
  {

    "nombre": "Adrian Zarate",
    "sector": "RRHH"
  } ,
  {

    "nombre": "Melisa Yune",
    "sector": "QA"
  } ,
  {

    "nombre": "Nicolas Russmann",
    "sector": "Comercial"
  } ,
  {

    "nombre": "Galo Trillo",
    "sector": "RRHH"
  } ,
  {

    "nombre": "Diego Pellegrini",
    "sector": "QA"
  } 
]